,area,name,number,address
0,전라남도 함평군,학교유기동물보호소,061-320-1935,전라남도 함평군 학교면 송산길 84 (학교면)월산리 806-1 
1,경상남도 거창군,거창군 농업기술센터,055-940-8140,"경상남도 거창군 거창읍 거함대로 3322 (거창읍, 농업기술센터)가축위생"
2,충청북도 괴산군,괴산증평동물보호센터,010-3169-1151,충청북도 증평군 도안면 입장길 239 (도안면)
3,전라남도 무안군,유기동물보호소,061-450-4035,"전라남도 무안군 무안읍 무안로 339 (무안읍, 무안군농업기술센터)보호소는 개인사유지이므로 보호소와 방문예약 후 찾아가시기 바랍니다.(이 주소는 축산과입니다.)"
4,강원도 고성군,고성군임시보호소,033-680-3723,강원도 고성군 간성읍 간성북로 87 (간성읍)죽왕면 가진리 480번지(도로명주소 미등록)
5,경기도 평택시,필립 동물병원,031-611-7166,경기도 평택시 지산로 34 (지산동)필립 동물병원
6,경상남도 밀양시,밀양시동물보호소,010-5656-6665,경상남도 밀양시 삼랑진읍 천태로 472 (삼랑진읍)
7,서울특별시 동작구,디아크종합동물병원,02-816-7582,서울특별시 동작구 장승배기로27길 18 (노량진동)
8,전라남도 담양군,담양군 동물보호소,010-3604-1338,전라남도 담양군 봉산면 대추1길 111 (봉산면)111
9,경상북도 청도군,청도동물보호소,054-370-6532,"경상북도 청도군 화양읍 청화로 70 (화양읍, 청도군청)농정과 동물방역계"
10,대구광역시 달성군,제이스동물병원,053-585-9057,"대구광역시 달성군 다사읍 세천북로 20 (다사읍, 세천삼정그린코아더베스트아파트2단지)211-B102"
11,서울특별시 마포구,소망동물병원,02-719-7502,서울특별시 마포구 신촌로 258 (아현동)
12,경상남도 통영시,통영시 동물보호센터,055-650-6233,"경상남도 통영시 광도면 향교옆길 31 (광도면, 통영시농업기술센터)"
13,전라북도 김제시,전북말산업복합센터,010-5357-0267,전라북도 김제시 용지면 금백로 571-39 (용지면)전북말산업복합센터
14,경기도 수원시,방실웃는 동물병원,031-212-1999,경기도 수원시 영통구 인계로220번길 20 (매탄동)
15,전라남도 보성군,보성유기동물보호센터,010-3666-5354,전라남도 보성군 노동면 노동천동길 209 (노동면)
16,대구광역시 수성구,금강동물병원,053-746-7111,대구광역시 수성구 동원로 150 (만촌동)금강동물병원
17,대구광역시 수성구,허동물병원,053-752-7535,대구광역시 수성구 수성동2가 명덕로 421 (수성동2가)허동물병원
18,전라북도 김제시,김제시,063-540-3683,"전라북도 김제시 동서로 59 (교동, 김제시농업기술센터)축산진흥과"
19,경상북도 울진군,킴스동물병원,054-781-7782,"경상북도 울진군 울진읍 울진중앙로 41 (울진읍, M모텔)킴스동물병원"
20,전라남도 영암군,유기동물 제1보호소,010-2050-5900,전라남도 영암군 덕진면 우도로 35-1 (덕진면)
21,전라남도 구례군,구례 보호소,010-3285-5325,전라남도 구례군 문척면 구성1길 74-20 (문척면)
22,경상남도 거창군,나래동물병원,055-942-8875,"경상남도 거창군 거창읍 거창대로 13-2 (거창읍, 칠성슈퍼)"
23,경기도 부천시,cj동물병원,032-323-4999,"경기도 부천시 소향로 246 (중동, 새롬프라자6차)"
24,경기도 부천시,나눔농장,010-4747-0507,경기도 부천시 대장로 118 (대장동)
25,전라남도 광양시,광양동물메디컬센터,061-792-7501,"전라남도 광양시 사동로 70 (중동)1층, 2층"
26,울산광역시 남구,강남동물병원,052-271-0075,울산광역시 남구 돋질로 232 (달동)1층
27,경기도 부천시,햇빛동물병원,032-676-7584,경기도 부천시 평천로 718 (삼정동)
28,서울특별시 마포구,동물보호시민단체카라,02-3482-0999,서울특별시 마포구 잔다리로 122 (서교동)동물보호시민단체 카라
29,경상북도 청송군,청송동물보호센터,054-870-6282,경상북도 청송군 청송읍 부곡길 66 (청송읍)청송읍 부곡리 196
30,울산광역시 북구,더웰동물병원,052-955-0075,"울산광역시 북구 신답로 35 (상안동, 국민은행)102호"
31,경기도 부천시,가나동물병원,032-665-0075,"경기도 부천시 중동로 57 (송내동, 상가동)117호"
32,경상북도 경산시,자인동물보호소,010-3506-3661,경상북도 경산시 용성면 육동로 220-18 (용성면)자인동물보호소
33,경상북도 경산시,자인동물병원,010-3506-3661,경상북도 경산시 자인면 자인로 193-1 (자인면)자인동물병원
34,경상북도 경산시,동부동물병원,010-4005-5044,경상북도 경산시 압량면 화랑로63길 2 (압량면)동부동물병원
35,충청남도 서산시,서산동물병원,041-667-5525,충청남도 서산시 안견로 235 (동문동)
36,경기도 화성시,남양유기견보호센터,031-355-7534,경기도 화성시 남양읍 화성로 1483-27 (남양읍)
37,대구광역시 달성군,명곡역동물병원,053-633-7579,대구광역시 달성군 화원읍 비슬로 2490 (화원읍)옥포면 관할
38,대구광역시 달성군,119동물병원,053-585-1195,"대구광역시 달성군 다사읍 달구벌대로 893 (다사읍, 대실요양병원 장례식장)다사읍, 하빈면 관할"
39,서울특별시 강동구,강동리본센터(reborn),070-4163-7350,서울특별시 강동구 양재대로81길 73 (성내동)강동구 유기동물 분양센터(reborn)
40,서울특별시 동작구,동작TNRDAY,02-2133-7654,"서울특별시 중구 태평로1가 세종대로 110 (태평로1가, 서울시청)"
41,경기도 하남시,하남동물병원,031-793-7802,경기도 하남시 신평로 37 (덕풍동)하남동물병원
42,충청북도 충주시,충주시동물보호센터,043-851-3168,충청북도 충주시 중앙탑면 일곱실길 70 (중앙탑면)
43,경상북도 경주시,가나동물병원,054-774-9975,경상북도 경주시 금성로 385 (성건동)
44,경기도 하남시,스타동물병원,031-528-8575,경기도 남양주시 별내2로 64 (별내동)센타프라자 202호
45,전라남도 신안군,신안군동물보호소,010-3619-0850,전라남도 무안군 삼향읍 석매길 36 (삼향읍)
46,경상북도 경산시,경산시농업기술센터,053-810-6714,"경상북도 경산시 자인면 계정길 7 (자인면, 경산시농업기술센터)"
47,충청북도 음성군,금왕동물병원,043-877-0763,충청북도 음성군 금왕읍 대금로 1498 (금왕읍)금왕동물병원
48,경상북도 문경시,종합가축병원,054-552-2233,경상북도 문경시 중앙로 170 (흥덕동)종합가축병원
49,경기도 시흥시,시흥시농업기술센터,031-310-2324,"경기도 시흥시 관곡지로 139 (하중동, 생명농업기술센터)"
50,충청남도 논산시,논산시청,041-746-6115,"충청남도 논산시 시민로210번길 9 (내동, 논산시청)논산시청"
51,경기도 파주시,야당동물병원,031-948-7579,경기도 파주시 경의로 1100 (야당동)201호
52,경기도 파주시,로뎀동물병원,031-952-7576,"경기도 파주시 문산읍 방촌로 1636 (문산읍, 강산설렁탕)"
53,전라남도 영암군,유기동물제2보호소,010-9599-5400,전라남도 영암군 삼호읍 녹색로 1117-49 (삼호읍)
54,경기도 의정부시,(사)땡큐애니멀스,070-7727-8899,"경기도 의정부시 추동로 9 (신곡동, 휴먼시티)"
55,광주광역시 동구,튼튼동물병원,062-511-7582,"광주광역시 동구 중앙로 358 (계림동, 금호계림주상복합)상가동 149호"
56,광주광역시 동구,신세계동물병원,062-226-7585,광주광역시 동구 중앙로 150 (호남동)
57,경기도 파주시,파주365동물의료센터,031-945-5365,경기도 파주시 책향기로 573 (목동동)
58,경기도 파주시,팻파라다이스,031-942-7583,"경기도 파주시 청암로17번길 17 (목동동, 홈플러스 파주운정점)2층 17호"
59,경기도 파주시,미엘동물병원,031-935-5009,경기도 파주시 청석로 264 (동패동)2층 201호 거북목프라자
60,경기도 파주시,가온동물병원,031-945-7552,경기도 파주시 가온로 116 (목동동)
61,경기도 파주시,금릉동물병원,031-948-3375,"경기도 파주시 금빛로 19 (금촌동, 파주프라임타워)"
62,부산광역시 부산진구,동물보호관리협회,051-971-6208,부산광역시 강서구 가락대로1283번길 25-2 (봉림동)
63,대구광역시 달성군,동인동물병원,053-424-4258,대구광역시 중구 동인동4가 국채보상로 724 (동인동4가)가창면 관할
64,전라북도 전주시,늘푸른동물병원,063-281-0075,"전라북도 전주시 완산구 다가동3가 충경로 11 (다가동3가, 늘푸른동물병원)"
65,경상북도 경주시,공원옆동물병원,054-771-0055,경상북도 경주시 용담로 12 (황성동)
66,충청남도 당진시,당진시동물보호소,041-356-8210,충청남도 당진시 고대면 연동로 30-6 (고대면)
67,경상남도 통영시,사랑애완동물병원,055-648-7582,경상남도 통영시 광도면 죽림3로 33 (광도면)사랑애완동물병원
68,충청북도 청주시,반려동물보호센터,043-231-0047,충청북도 청주시 흥덕구 강내면 서부로 411-55 (강내면)
69,울산광역시 울주군,초록동물병원,052-262-6114,울산광역시 울주군 삼남면 중평로 85 (삼남면)
70,경기도 수원시,두리동물클리닉,031-221-2410,경기도 수원시 팔달구 매산로3가 효원로 53 (매산로3가)
71,경상북도 울릉군,울릉군농업기술센터,054-790-6467,경상북도 울릉군 울릉읍 간령길 83-18 (울릉읍)울릉군농업기술센터
72,경상북도 포항시,영일동물플러스,054-262-8295,경상북도 포항시 북구 흥해읍 덕장길 224 (흥해읍)
73,충청남도 아산시,중부벳동물병원,041-533-3563,충청남도 아산시 둔포면 둔포로 33 (둔포면)충청남도 아산시 염치읍 석정리 99-21
74,전라남도 순천시,순천시,061-749-8728,"전라남도 순천시 승주읍 승주로 628 (승주읍, 농업기술센타)"
75,전라북도 장수군,문 동물병원 ,010-8876-3475,전라북도 장수군 장수읍 군청길 16 (장수읍)문 동물병원
76,전라남도 곡성군,푸른곡성(임시),061-360-7484,전라남도 곡성군 곡성읍 묘천덕동길 100-63 (곡성읍)
77,경기도 부천시,월드펫동물병원,032-661-7575,경기도 부천시 원미구 부일로 322 (중동)
78,경기도 부천시,다나동물병원,032-323-2737,"경기도 부천시 원미구 도약로 17 (상동, 그린프라자)"
79,경기도 부천시,상동물병원,032-328-0079,경기도 부천시 원미구 조마루로97번길 34-9 (상동)
80,서울특별시 강동구,강동구,02-3425-6012,"서울특별시 강동구 성내로 25 (성내동, 강동구청)강동구청 "
81,부산광역시 영도구,유기동물보호관리협회,051-971-6208,부산광역시 강서구 가락대로1283번길 25-2 (봉림동)사)유기동물및동물보호관리협회
82,경상북도 영천시,영천유기동물보호센터,054-339-7179,경상북도 영천시 화남면 신선로 310 (화남면)
83,전라북도 순창군,제일동물병원,010-5593-3797,전라북도 순창군 순창읍 장류로 387 (순창읍)제일동물병원
84,부산광역시 동구,(사)동물보호관리협회,051-971-6208,부산광역시 강서구 가락대로1283번길 25-2 (봉림동)(사)유기동물 및 동물보호관리협회
85,경기도 양평군,강아지와고양이AH,031-883-5199,경기도 여주시 북내면 강문로 117 (북내면)
86,경기도 남양주시,남양주동물보호협회,031-591-7270,"경기도 남양주시 금곡로 44 (금곡동, 성원빌딩)1층"
87,전라북도 진안군,유가축병원,063-432-1045,전라북도 진안군 진안읍 대광길 8 (진안읍)
88,충청북도 제천시,제천시 동물보호센터,043-647-0059,충청북도 제천시 청풍호로4가길 1 (영천동)
89,서울특별시 가정보호,테스트용시설,02-123-4567,서울특별시 종로구 통일로 184-37 (홍파동)
90,전라남도 화순군,백남수동물병원,061-374-3443,전라남도 화순군 화순읍 화동로 7 (화순읍)백남수동물병원
91,경상북도 청송군,점곡동물보호센터,054-870-6282,경상북도 청송군 현동면 청송로 3128-135 (현동면)
92,경기도 김포시,김포농업기술센터,031-980-2826,"경기도 김포시 월곶면 오리정로 13 (월곶면, 농업기술센터)농정과 가축방역팀"
93,대구광역시 수성구,예스동물병원,053-768-7543,대구광역시 수성구 동대구로 207 (황금동)
94,경기도 파주시,웰니스클리닉,031-942-7524,"경기도 파주시 한울로 123 (동패동, 이마트운정점)2층, 웰니스클리닉"
95,충청남도 공주시,강북동물병원,041-856-9900,충청남도 공주시 번영1로 54 (신관동)
96,대구광역시 달성군,화원연합동물병원,053-634-7975,대구광역시 달성군 화원읍 사문진로 447 (화원읍)화원읍 관할
97,대구광역시 달성군,달성축산동물병원,053-614-3775,대구광역시 달성군 현풍면 원교길 6 (현풍면)구지면 관할
98,대구광역시 달성군,현풍동물병원,053-614-3570,"대구광역시 달성군 현풍면 현풍중앙로 28 (현풍면)현풍면, 유가면 관할"
99,대구광역시 달성군,포산동물병원,053-616-2478,대구광역시 달성군 현풍면 비슬로 614-1 (현풍면)논공읍 관할
100,경기도 의왕시,수성동물병원,031-355-5883,경기도 화성시 남양읍 남양성지로 34 (남양읍)
101,경기도 화성시,수성동물병원,031-355-5883,경기도 화성시 남양읍 남양성지로 34 (남양읍)
102,대구광역시 수성구,신세계동물병원,053-751-6693,대구광역시 수성구 수성동1가 명덕로 393 (수성동1가)
103,대구광역시 수성구,제니스동물병원,053-756-8290,대구광역시 수성구 달구벌대로 2475 (범어동)
104,대구광역시 서구,대구시수의사회(다우),053-357-7580,대구광역시 서구 원대동3가 팔달로 220 (원대동3가)
105,대구광역시 서구,대구시수의사회(더난),053-552-0075,대구광역시 서구 국채보상로 176 (중리동)
106,대구광역시 서구,대구수의사회(아이펫),053-573-1175,대구광역시 서구 서대구로 64 (평리동)
107,대구광역시 서구,대구시수의사회(보경),053-559-9020,대구광역시 서구 달서로 165 (비산동)
108,대구광역시 서구,대구시수의사회(삼성),053-556-8575,대구광역시 서구 서대구로 24 (내당동)
109,인천광역시 중구,신공항동물병원,032-751-4598,인천광역시 중구 운중로 35 (운남동)
110,경기도 파주시,스마일양한방동물병원,031-942-3575,"경기도 파주시 금빛로 44 (금촌동, 마이프라자)203호"
111,강원도 강릉시,강릉시 동물보호소,033-641-7515,"강원도 강릉시 성산면 내맬길 172 (성산면, 유기동물보호소)"
112,대구광역시 수성구,(사)대구수의사회,053-764-3708,대구광역시 북구 호국로 229 (서변동)6층
113,경기도 화성시,청산동물병원,010-3580-9913,경기도 화성시 우정읍 3.1만세로 29 (우정읍)
114,충청북도 옥천군,옥천동물병원,010-8843-8844,"충청북도 옥천군 옥천읍 삼금로 53 (옥천읍, 동물병원)옥천동물병원"
115,전라북도 고창군,한사랑동물병원,063-562-9154,"전라북도 고창군 고창읍 보릿골로 138 (고창읍, 한사랑동물병원)"
116,대구광역시 동구,대구유기동물보호센터,053-964-6258,대구광역시 동구 금강로 151-13 (금강동)
117,대구광역시 북구,대구유기동물보호센터,053-964-6258,대구광역시 동구 금강로 151-13 (금강동)
118,전라북도 완주군,연합동물병원,010-8668-7582,"전라북도 완주군 용진면 완주로 174 (용진면, 용진면사무소)"
119,경상북도 의성군,중앙동물병원,010-3812-2435,경상북도 의성군 다인면 다인장길 17-1 (다인면)
120,서울특별시 서초구,한국동물구조관리협회,031-867-9119,경기도 양주시 남면 감악산로 63-37 (남면)
121,경기도 고양시,고양시동물보호센터,031-962-3232,"경기도 고양시 덕양구 고양대로 1695 (원흥동, 고양시 농업기술센터)고양시동물보호센터"
122,전라남도 장성군,우남동물병원,010-3628-9776,전라남도 장성군 장성읍 청운길 19-1 (장성읍)
123,인천광역시 연수구,인천광역시수의사회,032-515-7567,"인천광역시 계양구 다남로165번길 56 (다남동, 유기동물보호소)"
124,서울특별시 용산구,민트동물병원,02-707-2235,"서울특별시 용산구 원효로 51 (산천동, 삼성테마트)119호"
125,서울특별시 금천구,한국동물구조관리협회,031-867-9119,경기도 양주시 남면 감악산로 63-37 (남면)
126,경상북도 영양군,영양군유기동물보호소,010-3804-1700,경상북도 영양군 입암면 마령산해로 1202 (입암면).
127,전라남도 순천시,대한동물사랑협회,061-755-7547,"전라남도 순천시 중앙로 3-1 (저전동, 대한동물사랑협회)"
128,경상북도 봉화군,봉화군유기동물보호소,054-679-6865,경상북도 봉화군 봉성면 농업인길 24 (봉성면)봉화군농업기술센터
129,강원도 정선군,정선가축병원,033-563-0198,강원도 정선군 정선읍 정선로 1321 (정선읍)
130,경상북도 칠곡군,칠곡유기동물보호센터,054-973-5710,경상북도 칠곡군 석적읍 포망로 341 (석적읍)
131,충청남도 논산시,유명동물병원,041-733-4290,충청남도 논산시 계백로 1034-1 (취암동)유명동물병원
132,경기도 김포시,한국동물구조관리협회,031-867-9119,경기도 양주시 남면 감악산로 63-37 (남면)
133,울산광역시 중구,울산유기동물보호센터,052-238-6113,울산광역시 울주군 온양읍 화산발리로 543 (온양읍)
134,강원도 홍천군,홍천군유기동물보호소,033-434-9435,"강원도 홍천군 화촌면 둔덕이길 68 (화촌면, 홍천군유기동물보호센터)"
135,경기도 수원시,준수동물병원,031-203-7559,경기도 수원시 영통구 영통동986-7
136,전라북도 전주시,하나동물병원,063-253-5677,전라북도 전주시 덕진구 덕진동2가 송천중앙로 17 (덕진동2가)
137,경기도 이천시,강아지와 고양이,031-883-5199,경기도 여주시 북내면 강문로 117 (북내면)
138,충청북도 음성군,테오종합동물병원,043-882-8975,충청북도 음성군 금왕읍 음성로 1203
139,충청북도 음성군,음성군청,043-871-3712,충청북도 음성군 음성읍 중앙로 173음성군청 축산식품과
140,경상북도 김천시,김천시 동물보호센터,010-3477-7771,경상북도 김천시 조마로 2128 (양천동)
141,경기도 광주시,죽전TNR동물병원,031-322-7586,경기도 용인시 처인구 모현면 대지로 407 (모현면) 
142,강원도 화천군,화천군농업기술센터,033-440-2941,강원도 화천군 화천읍 산천어길 206화천군농업기술센터
143,경상남도 창녕군,창녕 유기동물보호소,055-530-6105,경상남도 창녕군 영산면 로터리길 22-1 (영산면)고암면 억만리 28-1
144,전라남도 여수시,임시(직접)보호,061-659-4419,"전라남도 여수시 주동1길 32 (주삼동, 여수시농업기술센터)"
145,경상북도 성주군,가야유기동물보호소,010-3515-2020,경상북도 성주군 대가면 동강한강로 941-1가야유기동물보호소
146,강원도 정선군,다나동물병원,033-563-6563,강원도 정선군 정선읍 정선로 1310
147,서울특별시 동대문구,한국동물구조관리협회,031-867-9119,경기도 양주시 남면 감악산로 63-37
148,전라남도 영광군,불갑동물임시보호소,010-9188-5525,전라남도 영광군 불갑면 함영로 2758
149,경기도 성남시,펫토피아동물병원,031-714-8392,"경기도 성남시 분당구 불정로 266 (수내동, 유신제일조합)"
150,서울특별시 강남구,강남25시동물병원,02-545-8575,서울특별시 강남구 학동로 324 (논현동)
151,충청남도 서천군,서천유기동물보호소,041-950-4110,충청남도 서천군 마산면 한마로 1189-19
152,경기도 시흥시,한국야생동물보호협회,031-296-0124,경기도 안산시 상록구 청곡길 50 (부곡동)한국야생동물보호협회
153,서울특별시 중랑구,한국동물구조관리협회,031-867-9119,경기도 양주시 남면 감악산로 63-37
154,서울특별시 마포구,상암 동물병원,02-375-7222,서울특별시 마포구 월드컵북로 336 (상암동)상암동34-46
155,서울특별시 마포구,웰케어 동물병원,02-337-7575,"서울특별시 마포구 월드컵북로 27 (서교동, 이화빌딩)서교동447-2"
156,서울특별시 종로구,한국동물구조관리협회,031-867-9119,경기도 양주시 남면 감악산로 63-37
157,전라남도 진도군,진도군청,061-540-6322,전라남도 진도군 진도읍 성죽골길 30진도개사업소
158,전라남도 장흥군,장흥군,061-860-6712,"전라남도 장흥군 안양면 우드랜드길 288 (안양면, 남도국제교육원)축산사업소"
159,충청남도 홍성군,금일동물보호센터,010-5432-5665,충청남도 홍성군 홍동면 충절로 625 (홍동면)
160,충청남도 보령시,보령시임시보호소,010-5427-7210,충청남도 보령시 녹문1길 95 (내항동)
161,경상북도 군위군,군위군청,054-380-6286,경상북도 군위군 군위읍 군청로 200군위군청
162,부산광역시 동구,동구청,051-440-4525,"부산광역시 동구 구청로 1 (수정동, 동구청)경제진흥과"
163,경기도 동두천시,한국동물구조관리협회,031-867-9119,경기도 양주시 남면 감악산로 63-37
164,강원도 삼척시,삼척시유기동물보호소,010-9492-4912,"강원도 삼척시 척주로 131 (정상동, 밀레니엄세탁)"
165,전라남도 함평군,임시보호소,061-320-1922,전라남도 함평군 신광면 백운길 153-20
166,경기도 연천군,한국동물구조관리협회,031-867-9119,경기도 양주시 남면 감악산로 63-37
167,서울특별시 관악구,러브펫종합동물병원,02-837-8875,서울특별시 관악구 남부순환로 1451 (신림동)러브펫종합동물병원
168,경기도 안양시,한국야생동물보호협회,031-296-0124,경기도 안산시 상록구 청곡길 50 (부곡동)
169,강원도 인제군,인제군,033-460-2265,강원도 인제군 인제읍 비봉로44번길 105
170,전라북도 남원시,하나동물병원,063-634-7582,전라북도 남원시 왕정동 67
171,경상남도 남해군,이동가축병원,055-862-5041,경상남도 남해군 이동면 무림로 34이동가축병원
172,경상북도 고령군,라파동물병원,054-955-0058,경상북도 고령군 대가야읍 쾌빈3길 2 (대가야읍)라파동물병원
173,전라북도 남원시,강동물병원,063-636-2873,전라북도 남원시 인월면 인월리 249-1
174,광주광역시 북구,광주 동물보호소,062-571-2808,"광주광역시 북구 본촌마을길 25 (본촌동, 건국동사무소)광주 동물보호소"
175,경기도 파주시,나은동물병원,031-944-8288,경기도 파주시 새꽃로 207 (아동동)나은동물병원
176,광주광역시 남구,광주 동물보호소,062-571-2808,"광주광역시 북구 본촌마을길 25 (본촌동, 건국동사무소)광주 동물보호소"
177,광주광역시 동구,광주 동물보호소,062-571-2808,"광주광역시 북구 본촌마을길 25 (본촌동, 건국동사무소)광주 동물보호소"
178,광주광역시 서구,광주 동물보호소,062-571-2808,"광주광역시 북구 본촌마을길 25 (본촌동, 건국동사무소)광주 동물보호소"
179,광주광역시 광산구,광주 동물보호소,062-571-2808,"광주광역시 북구 본촌마을길 25 (본촌동, 건국동사무소)광주 동물보호소"
180,경기도 파주시,쿨펫동물병원(문산),031-954-7588,경기도 파주시 문산읍 방촌로 1759쿨펫동물병원
181,경기도 파주시,행복한동물병원,031-957-0075,"경기도 파주시 중앙로 241 (금촌동, 한샘파주키친프라자)행복한동물병원"
182,강원도 춘천시,춘천시 동물보호센터,033-250-4388,강원도 춘천시 신북읍 유포리 619-9
183,경기도 파주시,파주24시동물병원,031-944-5575,경기도 파주시 교하로 87 (목동동)삼성프라자 201
184,경기도 파주시,버디종합동물병원,031-953-1183,경기도 파주시 문산읍 문산역로 77버디종합동물병원
185,경기도 파주시,문산동물병원,031-953-7570,경기도 파주시 문산읍 문향로 35문산동물병원
186,경기도 파주시,라임동물병원,031-8071-2060,경기도 파주시 순못길 6-18 (다율동)라임동물병원
187,경기도 파주시,금쪽같은,031-944-9979,경기도 파주시 가재울로94번길 27 (목동동)
188,전라북도 익산시,익산유기동물보호소,010-3659-2380,전라북도 익산시 서동로42길 77 (용제동)16통 1반
189,대전광역시 중구,대전동물보호센터,042-825-1118,대전광역시 유성구 갑동로15번길 20-39 (갑동)
190,대구광역시 중구,대구시수의사회(동산),053-254-3366,대구광역시 중구 남성로 서성로 34 (남성로)
191,대구광역시 중구,대구시수의사회(고려),053-256-6100,대구광역시 중구 중앙대로 333 (남산동)
192,대구광역시 중구,대구시수의사회(삼덕),053-426-1731,대구광역시 중구 삼덕동1가 달구벌대로 2145
193,대구광역시 중구,대구시수의사회(동인),070-4466-1575,대구광역시 중구 동인동4가 국채보상로 724
194,경상북도 예천군,예천군유기동물보호소,010-9562-0975,"경상북도 예천군 예천읍 충효로 632-84 (예천읍, 유기동물보호소)"
195,강원도 속초시,유기동물보호소,033-633-2519,강원도 속초시 대포동 159-13
196,충청남도 서산시,답21동물병원,041-666-0750,충청남도 서산시 호수공원12로 13 (예천동)
197,제주특별자치도,제주유기동물보호센터,064-710-4067,제주특별자치도 제주시 첨단동길 184-14 (용강동)
198,서울특별시 강동구,한국동물구조관리협회,031-867-9119,경기도 양주시 남면 감악산로 63-37
199,충청남도 천안시,천안시유기동물보호소,050-5994-9119,충청남도 천안시 동남구 목천읍 학수소사길 132 (목천읍)[입양센터:서북구 천안천3길 36] 평일문의 am9~pm6 구조현황 www.a9119.news
200,서울특별시 영등포구,한국동물구조관리협회,031-867-9119,경기도 양주시 남면 감악산로 63-37
201,서울특별시 동작구,디아크동물종합병원,02-816-7582,서울특별시 동작구 장승배기로27길 18 (노량진동)
202,경상남도 김해시,유기동물및관리협회,051-971-6208,부산광역시 강서구 가락대로1283번길 25-2 (봉림동)(사)유기동물및보호관리협회
203,울산광역시 북구,울산유기동물보호센터,052-238-6113,울산광역시 울주군 온양읍 발리1144
204,경상북도 구미시,구미유기동물보호센터,054-441-4100,경상북도 구미시 해평면 숭선로 309-11 (해평면)구미유기동물보호센터
205,전라북도 전주시,행복한동물병원,063-244-0090,전라북도 전주시 덕진구 인후동1가806-6
206,경기도 수원시,광교산동물병원,031-241-2668,경기도 수원시 장안구 영화동127-39
207,부산광역시 수영구,수영구청,051-610-4504,부산광역시 수영구 남천동수영구청
208,전라북도 전주시,아프리카동물병원,063-247-8875,전라북도 전주시 덕진구 인후동1가928-1
209,전라북도 전주시,21세기동물병원,063-251-1015,전라북도 전주시 덕진구 송천동1가626-42
210,전라북도 전주시,수동물병원,063-273-7272,전라북도 전주시 완산구 서신동28
211,전라북도 전주시,동부동물병원,063-231-2455,전라북도 전주시 완산구 경원동1가3-10
212,전라북도 전주시,서신동물병원,063-253-2747,전라북도 전주시 완산구 서신동831-4
213,전라북도 전주시,박영재동물병원,063-284-7774,전라북도 전주시 완산구 전동1가 199
214,제주특별자치도 제주시,제주동물보호센터,064-710-4067,제주특별자치도 제주시 첨단동길 184-14 (용강동)
215,경상남도 하동군,하동군유기동물보호소,055-880-2436,경상남도 하동군 적량면 동산리1694
216,전라북도 순창군,이완섭동물병원,063-653-9006,전라북도 순창군 순창읍 순화리95-8
217,서울특별시 강북구,한국동물구조관리협회,031-867-9119,경기도 양주시 남면 감악산로 63-37 (남면)
218,경상남도 산청군,산청동물보호센터,010-8502-0707,경상남도 산청군 산청읍 모고리1350
219,서울특별시 서대문구,한국동물구조관리협회,031-867-9119,경기도 양주시 남면 상수리410-1
220,서울특별시 송파구,한국동물구조관리협회,031-867-9119,경기도 양주시 남면 상수리410-1
221,서울특별시 은평구,한국동물구조관리협회,031-867-9119,경기도 양주시 남면 상수리410-1
222,서울특별시 구로구,한국동물구조관리협회,031-867-9119,경기도 양주시 남면 상수리410-1
223,경기도 수원시,한빛동물병원,031-252-2119,경기도 수원시 장안구 천천동527-3번지
224,경기도 수원시,현대동물병원,031-293-0285,경기도 수원시 권선구 고색동408-16
225,강원도 동해시,동해시유기동물보호소,033-522-2990,강원도 동해시 북평동51-1
226,인천광역시 옹진군,인천수의사회유기동물,032-515-7567,인천광역시 계양구 다남동35-8
227,경기도 부천시,부부종합동물병원,032-347-2218,경기도 부천시 소사구 소사본동158-26
228,강원도 양양군,양양군유기동물보호소,033-670-2459,강원도 양양군 손양면 송현리278번지
229,강원도 양구군,양구,033-480-2916,강원도 양구군 남면 양남로 319-31 (남면)양구군농업기술센터
230,전라북도 군산시,군산유기동물보호소,010-6227-2975,전라북도 군산시 대야면 보덕안정길 108-20 (대야면)군산도그랜드
231,경상북도 영덕군,영덕동물보호센터,054-730-6286,경상북도 영덕군 영덕읍 구미2길 14-1 (영덕읍)-
232,경상남도 고성군,백호종합동물병원,010-3551-8261,경상남도 고성군 고성읍 송학리260-54
233,인천광역시 중구,경동동물병원,032-765-9988,인천광역시 중구 개항로 68 (경동)
234,경기도 포천시,한국동물구조관리협회,031-867-9119,경기도 양주시 남면 감악산로 63-37 (남면)한국동물구조관리협회
235,인천광역시 서구,가정동물병원,032-575-0835,인천광역시 서구 가정동517-32
236,서울특별시 마포구,망원동물병원,02-332-0017,서울특별시 마포구 망원동386-2
237,서울특별시 마포구,홍익동물병원,02-325-2026,서울특별시 마포구 합정동411-18
238,서울특별시 마포구,동물사랑동물병원,02-3142-0008,서울특별시 마포구 서교동476-14
239,서울특별시 마포구,용강동물병원,02-707-2340,서울특별시 마포구 용강동494-28
240,서울특별시 마포구,박창석동물병원,02-6405-7582,서울특별시 마포구 도화동182-6
241,서울특별시 중구,한국동물구조관리협회,031-867-9119,경기도 양주시 남면 감악산로 63-37 (남면)
242,경상남도 창원시 마산합포회원구,마산유기동물보호소,055-225-5625,경상남도 창원시 마산합포구 진북면 지산2길 139-112226-19
243,서울특별시 양천구,강현림 동물병원,02-2642-9159,서울특별시 양천구 목동 657번지 16호
244,서울특별시 용산구,남산동물병원,02-778-7582,서울특별시 용산구 후암동244-60
245,서울특별시 용산구,금강동물병원,02-798-7512,서울특별시 용산구 이촌동301-160
246,서울특별시 용산구,라온동물병원,02-792-7585,서울특별시 용산구 이태원동225-93
247,서울특별시 용산구,이상윤동물병원,02-792-5455,서울특별시 용산구 이촌동300-23
248,서울특별시 용산구,차오름동물병원,02-706-7975,서울특별시 용산구 산천동93-1
249,서울특별시 용산구,펫토이동물병원,02-795-2184,서울특별시 용산구 한남동653-26
250,서울특별시 용산구,청화동물병원,02-792-7602,서울특별시 용산구 이태원동21-1
251,서울특별시 용산구,원효동물병원,02-719-7070,서울특별시 용산구 원효로2가30-4
252,서울특별시 용산구,열린동물병원,02-3273-0075,서울특별시 용산구 원효로2가84-10
253,서울특별시 용산구,이태원동물병원,02-794-4945,서울특별시 용산구 이태원동531
254,서울특별시 용산구,한남동물병원,02-793-9230,서울특별시 용산구 한남동642-4
255,서울특별시 용산구,21세기동물병원,02-749-6750,서울특별시 용산구 보광동259-1
256,서울특별시 용산구,효창동물병원,02-711-4527,서울특별시 용산구 효창동70-11
257,경상남도 진주시,진주시유기동물보호소,055-749-6134,"경상남도 진주시 집현면 신당길207번길 22 (집현면, 지역농업개발시설)"
258,서울특별시 용산구,서울수의사용산구분회,02-778-7582,서울특별시 용산구 후암동244-60
259,서울특별시 노원구,동물구조관리협회,031-868-2851,경기도 양주시 남면 감악산로 63-37 (남면)
260,서울특별시 도봉구,한국동물구조관리협회,031-867-9119,경기도 양주시 남면상수리 410-1
261,서울특별시 강남구,한국동물구조관리협회,031-867-9119,경기도 양주시 남면 상수리410-1
262,서울특별시 성북구,한국동물구조관리협회,031-867-9119,경기도 양주시 남면 감악산로 63-37 (남면)
263,경상남도 양산시,양산시유기동물보호소,055-392-5393,경상남도 양산시 동면 석산리392 양산시농업기술센터
264,전라남도 해남군,해남군유기동물보호소,061-533-1141,전라남도 해남군 해남읍 해리355-4
265,인천광역시 부평구,백마동물병원,032-528-1359,인천광역시 부평구 부평동431-15
266,경상남도 거제시,거제시유기동물보호소,055-639-6368,경상남도 거제시 사등면 사곡리375-1번지
267,경기도 수원시,신영통동물병원,031-204-9006,경기도 수원시 영통구 망포동570-5
268,경기도 수원시,에덴동물병원,031-224-2470,경기도 수원시 팔달구 매교동141-5
269,경기도 수원시,정동물병원,031-239-7585,경기도 수원시 팔달구 인계동1135-7
270,경기도 수원시,호매실동물병원,031-294-8277,경기도 수원시 권선구 호매실동82-10
271,경기도 과천시,한국야생동물보호협회,031-296-0124,경기도 안산시 상록구 청곡길 50 (부곡동)
272,경기도 수원시,순풍동물병원,031-239-3303,경기도 수원시 권선구 세류동537-19
273,경기도 수원시,고병기동물병원,031-236-7582,경기도 수원시 권선구 권선동1192-2
274,경기도 수원시,두리동물병원,031-225-7533,경기도 수원시 권선구 세류동150-8
275,경기도 수원시,전봉근종합동물병원,031-269-7544,경기도 수원시 장안구 천천동528-4 태영프라자 112호
276,경기도 수원시,장안동물병원,031-245-8961,경기도 수원시 장안구 송원로 83 (조원동)장안동물병원
277,경기도 수원시,레오동물병원,031-253-4313,경기도 수원시 장안구 정자동874-2 롯데프라자 206호
278,전라북도 남원시,청원동물병원,063-633-3533,전라북도 남원시 죽항동278번지
279,경상북도 영주시,영주시 동물보호센터,054-639-7354,경상북도 영주시 장수면 반구리 16영주시 동물보호센터 주소 : 영주시 장수면 반구리 407-8
280,충청북도 단양군,단양군유기동물보호소,011-822-4351,충청북도 단양군 매포읍 우덕리910번지
281,경기도 오산시,오산시수의사회,031-372-9325,경기도 오산시 성호대로 36 (오산동)
282,경기도 군포시,군포시 보호소,031-394-2259,경기도 군포시 산본동213번지 9호 외 1필지 2층
283,경기도 평택시,평택시유기동물보호소,031-8024-3849,경기도 평택시 진위면 야막길 88-37 (진위면)
284,경기도 부천시,이솝동물병원,032-652-0034,경기도 부천시 원미구 심곡동367-12
285,경기도 부천시,24시아이동물메디컬,032-677-5262,경기도 부천시 오정구 원종동229-8
286,경상남도 창원시 진해구,진해유기동물보호소,055-225-5701,"경상남도 창원시 진해구 웅천로 218 (성내동, 농업기술센터)205번지 "
287,충청남도 청양군,종합동물병원,041-940-2973,충청남도 청양군 청양읍 읍내리209-29
288,전라북도 무주군,무주군,063-320-2829,전라북도 무주군 무주읍 당산리농업기술센터
289,서울특별시 성동구,한국동물구조관리협회,031-867-9119,경기도 양주시 남면 상수리410-1
290,대구광역시 중구,대구광역시수의사회,053-764-3708,대구광역시 북구 호국로 229 (서변동)대구경북수의사회관 6층
291,경기도 구리시,한국동물구조관리협회,031-867-9119,경기도 양주시 남면 감악산로 63-37 (남면)
292,경상북도 울진군,울진동물병원,054-783-5200,경상북도 울진군 울진읍 연호로 21-4 (울진읍)울진동물병원
293,서울특별시 광진구,동물구조관리협회,031-867-9119,경기도 양주시 남면 상수리410-1
294,강원도 원주시,원주유기동물보호센터,033-731-1119,강원도 원주시 호저면 칠봉로 110-6
295,울산광역시 중구,정앤정동물병원,052-281-2294,울산광역시 중구 구교로 265 (반구동)
296,울산광역시 중구,울산동물병원,052-297-0979,울산광역시 중구 학성공원13길 45 (학성동)
297,울산광역시 중구,나래동물병원,052-245-1275,울산광역시 중구 중앙길 63 (성남동)
298,울산광역시 북구,쿨펫동물병원,052-288-7572,"울산광역시 북구 진장유통로 64 (진장동, 롯데마트)4층 쿨펫동물병원"
299,울산광역시 북구,이솝동물병원,052-295-8875,울산광역시 북구 호계동258-15
300,경기도 의정부시,한국동물구조관리협회,031-867-9119,경기도 양주시 남면 상수리410-1
301,경기도 양주시,한국동물구조관리협회,031-867-9119,경기도 양주시 남면 감악산로 63-37 (남면)
302,경기도 안산시,(사)한동보,031-296-0124,경기도 안산시 상록구 청곡길 50 (부곡동)안산시 상록구 부곡동 231-5
303,경상북도 안동시,안동시동물보호센터,010-7703-1999,경상북도 안동시 서후면 태장리 201-1
304,경상남도 창원시 의창성산구,창원유기동물보호소,055-225-5541,"경상남도 창원시 의창구 창이대로 71 (명서동, 창원시농업기술센터)창원지도과"
305,강원도 정선군,현대가축병원,033-562-5901,강원도 정선군 정선읍 봉양리3리 현대가축병원
306,경기도 안성시,이성준동물병원,031-673-5858,경기도 안성시 봉남동326-2
307,충청북도 영동군,최종주동물병원,043-744-4209,"충청북도 영동군 영동읍 계산로 54 (영동읍, 최종주동물병원)"
308,인천광역시 미추홀구,인천광역시 수의사회 ,032-515-7567,인천광역시 계양구 다남동35-8
309,강원도 철원군,성일동물병원,033-455-8943,강원도 철원군 동송읍 이평리11리 성일동물병원
310,인천광역시 남동구,인천수의사회,032-515-7567,인천광역시 계양구 다남동35-8
311,대전광역시 유성구,대전동물보호센터,042-825-1118,대전광역시 유성구 갑동로15번길 20-39 (갑동)대전동물보호센터
312,대전광역시 서구,대전동물보호센터,042-825-1118,대전광역시 유성구 갑동로15번길 20-39 (갑동)
313,인천광역시 계양구,계양구유기동물보호소,032-552-0075,인천광역시 계양구 장제로 923 (병방동)
314,전라북도 전주시,프렌즈동물병원,063-227-4975,전라북도 전주시 완산구 삼천동1가592-1
315,인천광역시 강화군,베스트동물병원,032-934-9340,"인천광역시 강화군 강화읍 강화대로 217 (강화읍, 린나이보일러)"
316,경기도 가평군,가평군유기동물보호소,031-580-4763,"경기도 가평군 가평읍 아랫마장길 59 (가평읍, 농업기술센터)가평 유기동물 보호소"
317,인천광역시 동구,인천종합동물병원,032-765-0112,인천광역시 동구 솔빛로 2 (송현동)
318,서울특별시 강서구,한국동물구조관리협회,031-867-9119,경기도 양주시 남면 상수리410-1
319,경상남도 함안군,함안군동물보호소,055-580-4462,경상남도 함안군 가야읍 함안대로 755
320,전라남도 화순군,화순위탁보호소,010-9968-9241,전라남도 화순군 화순읍 한고을길 42 (화순읍)
321,전라남도 영광군,대마동물보호소,011-647-2976,전라남도 영광군 대마면 홍교리397-8
322,제주특별자치도 서귀포시,제주동물보호센터,064-710-4067,제주특별자치도 제주시 첨단동길 184-14 (용강동)
323,전라남도 곡성군,심동물병원,061-362-0779,전라남도 곡성군 옥과면 리문리409-3
324,경상남도 함양군,중앙동물병원,055-963-7615,경상남도 함양군 수동면 변동3길 6-2 (수동면)
325,강원도 태백시,태백유기동물,010-6380-5566,강원도 태백시 문의재로 5 (통동)
326,강원도 평창군,평창군유기동물보호소,010-3397-9150,강원도 평창군 진부면 청송로 61
327,전라남도 함평군,학교유기동물보호소,061-320-1935,전라남도 함평군 학교면 송산길 84 (학교면)월산리 806-1 
328,경상남도 거창군,거창군 농업기술센터,055-940-8140,"경상남도 거창군 거창읍 거함대로 3322 (거창읍, 농업기술센터)가축위생"
329,충청북도 괴산군,괴산증평동물보호센터,010-3169-1151,충청북도 증평군 도안면 입장길 239 (도안면)
330,전라남도 무안군,유기동물보호소,061-450-4035,"전라남도 무안군 무안읍 무안로 339 (무안읍, 무안군농업기술센터)보호소는 개인사유지이므로 보호소와 방문예약 후 찾아가시기 바랍니다.(이 주소는 축산과입니다.)"
331,강원도 고성군,고성군임시보호소,033-680-3723,강원도 고성군 간성읍 간성북로 87 (간성읍)죽왕면 가진리 480번지(도로명주소 미등록)
332,경기도 평택시,필립 동물병원,031-611-7166,경기도 평택시 지산로 34 (지산동)필립 동물병원
333,경상남도 밀양시,밀양시동물보호소,010-5656-6665,경상남도 밀양시 삼랑진읍 천태로 472 (삼랑진읍)
334,서울특별시 동작구,디아크종합동물병원,02-816-7582,서울특별시 동작구 장승배기로27길 18 (노량진동)
335,전라남도 담양군,담양군 동물보호소,010-3604-1338,전라남도 담양군 봉산면 대추1길 111 (봉산면)111
336,경상북도 청도군,청도동물보호소,054-370-6532,"경상북도 청도군 화양읍 청화로 70 (화양읍, 청도군청)농정과 동물방역계"
337,대구광역시 달성군,제이스동물병원,053-585-9057,"대구광역시 달성군 다사읍 세천북로 20 (다사읍, 세천삼정그린코아더베스트아파트2단지)211-B102"
338,서울특별시 마포구,소망동물병원,02-719-7502,서울특별시 마포구 신촌로 258 (아현동)
339,경상남도 통영시,통영시 동물보호센터,055-650-6233,"경상남도 통영시 광도면 향교옆길 31 (광도면, 통영시농업기술센터)"
340,전라북도 김제시,전북말산업복합센터,010-5357-0267,전라북도 김제시 용지면 금백로 571-39 (용지면)전북말산업복합센터
341,경기도 수원시,방실웃는 동물병원,031-212-1999,경기도 수원시 영통구 인계로220번길 20 (매탄동)
342,전라남도 보성군,보성유기동물보호센터,010-3666-5354,전라남도 보성군 노동면 노동천동길 209 (노동면)
343,대구광역시 수성구,금강동물병원,053-746-7111,대구광역시 수성구 동원로 150 (만촌동)금강동물병원
344,대구광역시 수성구,허동물병원,053-752-7535,대구광역시 수성구 수성동2가 명덕로 421 (수성동2가)허동물병원
345,전라북도 김제시,김제시,063-540-3683,"전라북도 김제시 동서로 59 (교동, 김제시농업기술센터)축산진흥과"
346,경상북도 울진군,킴스동물병원,054-781-7782,"경상북도 울진군 울진읍 울진중앙로 41 (울진읍, M모텔)킴스동물병원"
347,전라남도 영암군,유기동물 제1보호소,010-2050-5900,전라남도 영암군 덕진면 우도로 35-1 (덕진면)
348,전라남도 구례군,구례 보호소,010-3285-5325,전라남도 구례군 문척면 구성1길 74-20 (문척면)
349,경상남도 거창군,나래동물병원,055-942-8875,"경상남도 거창군 거창읍 거창대로 13-2 (거창읍, 칠성슈퍼)"
350,경기도 부천시,cj동물병원,032-323-4999,"경기도 부천시 소향로 246 (중동, 새롬프라자6차)"
351,경기도 부천시,나눔농장,010-4747-0507,경기도 부천시 대장로 118 (대장동)
352,전라남도 광양시,광양동물메디컬센터,061-792-7501,"전라남도 광양시 사동로 70 (중동)1층, 2층"
353,울산광역시 남구,강남동물병원,052-271-0075,울산광역시 남구 돋질로 232 (달동)1층
354,경기도 부천시,햇빛동물병원,032-676-7584,경기도 부천시 평천로 718 (삼정동)
355,서울특별시 마포구,동물보호시민단체카라,02-3482-0999,서울특별시 마포구 잔다리로 122 (서교동)동물보호시민단체 카라
356,경상북도 청송군,청송동물보호센터,054-870-6282,경상북도 청송군 청송읍 부곡길 66 (청송읍)청송읍 부곡리 196
357,울산광역시 북구,더웰동물병원,052-955-0075,"울산광역시 북구 신답로 35 (상안동, 국민은행)102호"
358,경기도 부천시,가나동물병원,032-665-0075,"경기도 부천시 중동로 57 (송내동, 상가동)117호"
359,경상북도 경산시,자인동물보호소,010-3506-3661,경상북도 경산시 용성면 육동로 220-18 (용성면)자인동물보호소
360,경상북도 경산시,자인동물병원,010-3506-3661,경상북도 경산시 자인면 자인로 193-1 (자인면)자인동물병원
361,경상북도 경산시,동부동물병원,010-4005-5044,경상북도 경산시 압량면 화랑로63길 2 (압량면)동부동물병원
362,충청남도 서산시,서산동물병원,041-667-5525,충청남도 서산시 안견로 235 (동문동)
363,경기도 화성시,남양유기견보호센터,031-355-7534,경기도 화성시 남양읍 화성로 1483-27 (남양읍)
364,대구광역시 달성군,명곡역동물병원,053-633-7579,대구광역시 달성군 화원읍 비슬로 2490 (화원읍)옥포면 관할
365,대구광역시 달성군,119동물병원,053-585-1195,"대구광역시 달성군 다사읍 달구벌대로 893 (다사읍, 대실요양병원 장례식장)다사읍, 하빈면 관할"
366,서울특별시 강동구,강동리본센터(reborn),070-4163-7350,서울특별시 강동구 양재대로81길 73 (성내동)강동구 유기동물 분양센터(reborn)
367,서울특별시 동작구,동작TNRDAY,02-2133-7654,"서울특별시 중구 태평로1가 세종대로 110 (태평로1가, 서울시청)"
368,경기도 하남시,하남동물병원,031-793-7802,경기도 하남시 신평로 37 (덕풍동)하남동물병원
369,충청북도 충주시,충주시동물보호센터,043-851-3168,충청북도 충주시 중앙탑면 일곱실길 70 (중앙탑면)
370,경상북도 경주시,가나동물병원,054-774-9975,경상북도 경주시 금성로 385 (성건동)
371,경기도 하남시,스타동물병원,031-528-8575,경기도 남양주시 별내2로 64 (별내동)센타프라자 202호
372,전라남도 신안군,신안군동물보호소,010-3619-0850,전라남도 무안군 삼향읍 석매길 36 (삼향읍)
373,경상북도 경산시,경산시농업기술센터,053-810-6714,"경상북도 경산시 자인면 계정길 7 (자인면, 경산시농업기술센터)"
374,충청북도 음성군,금왕동물병원,043-877-0763,충청북도 음성군 금왕읍 대금로 1498 (금왕읍)금왕동물병원
375,경상북도 문경시,종합가축병원,054-552-2233,경상북도 문경시 중앙로 170 (흥덕동)종합가축병원
376,경기도 시흥시,시흥시농업기술센터,031-310-2324,"경기도 시흥시 관곡지로 139 (하중동, 생명농업기술센터)"
377,충청남도 논산시,논산시청,041-746-6115,"충청남도 논산시 시민로210번길 9 (내동, 논산시청)논산시청"
378,경기도 파주시,야당동물병원,031-948-7579,경기도 파주시 경의로 1100 (야당동)201호
379,경기도 파주시,로뎀동물병원,031-952-7576,"경기도 파주시 문산읍 방촌로 1636 (문산읍, 강산설렁탕)"
380,전라남도 영암군,유기동물제2보호소,010-9599-5400,전라남도 영암군 삼호읍 녹색로 1117-49 (삼호읍)
381,경기도 의정부시,(사)땡큐애니멀스,070-7727-8899,"경기도 의정부시 추동로 9 (신곡동, 휴먼시티)"
382,광주광역시 동구,튼튼동물병원,062-511-7582,"광주광역시 동구 중앙로 358 (계림동, 금호계림주상복합)상가동 149호"
383,광주광역시 동구,신세계동물병원,062-226-7585,광주광역시 동구 중앙로 150 (호남동)
384,경기도 파주시,파주365동물의료센터,031-945-5365,경기도 파주시 책향기로 573 (목동동)
385,경기도 파주시,팻파라다이스,031-942-7583,"경기도 파주시 청암로17번길 17 (목동동, 홈플러스 파주운정점)2층 17호"
386,경기도 파주시,미엘동물병원,031-935-5009,경기도 파주시 청석로 264 (동패동)2층 201호 거북목프라자
387,경기도 파주시,가온동물병원,031-945-7552,경기도 파주시 가온로 116 (목동동)
388,경기도 파주시,금릉동물병원,031-948-3375,"경기도 파주시 금빛로 19 (금촌동, 파주프라임타워)"
389,부산광역시 부산진구,동물보호관리협회,051-971-6208,부산광역시 강서구 가락대로1283번길 25-2 (봉림동)
390,대구광역시 달성군,동인동물병원,053-424-4258,대구광역시 중구 동인동4가 국채보상로 724 (동인동4가)가창면 관할
391,전라북도 전주시,늘푸른동물병원,063-281-0075,"전라북도 전주시 완산구 다가동3가 충경로 11 (다가동3가, 늘푸른동물병원)"
392,경상북도 경주시,공원옆동물병원,054-771-0055,경상북도 경주시 용담로 12 (황성동)
393,충청남도 당진시,당진시동물보호소,041-356-8210,충청남도 당진시 고대면 연동로 30-6 (고대면)
394,경상남도 통영시,사랑애완동물병원,055-648-7582,경상남도 통영시 광도면 죽림3로 33 (광도면)사랑애완동물병원
395,충청북도 청주시,반려동물보호센터,043-231-0047,충청북도 청주시 흥덕구 강내면 서부로 411-55 (강내면)
396,울산광역시 울주군,초록동물병원,052-262-6114,울산광역시 울주군 삼남면 중평로 85 (삼남면)
397,경기도 수원시,두리동물클리닉,031-221-2410,경기도 수원시 팔달구 매산로3가 효원로 53 (매산로3가)
398,경상북도 울릉군,울릉군농업기술센터,054-790-6467,경상북도 울릉군 울릉읍 간령길 83-18 (울릉읍)울릉군농업기술센터
399,경상북도 포항시,영일동물플러스,054-262-8295,경상북도 포항시 북구 흥해읍 덕장길 224 (흥해읍)
400,충청남도 아산시,중부벳동물병원,041-533-3563,충청남도 아산시 둔포면 둔포로 33 (둔포면)충청남도 아산시 염치읍 석정리 99-21
401,전라남도 순천시,순천시,061-749-8728,"전라남도 순천시 승주읍 승주로 628 (승주읍, 농업기술센타)"
402,전라북도 장수군,문 동물병원 ,010-8876-3475,전라북도 장수군 장수읍 군청길 16 (장수읍)문 동물병원
403,전라남도 곡성군,푸른곡성(임시),061-360-7484,전라남도 곡성군 곡성읍 묘천덕동길 100-63 (곡성읍)
404,경기도 부천시,월드펫동물병원,032-661-7575,경기도 부천시 원미구 부일로 322 (중동)
405,경기도 부천시,다나동물병원,032-323-2737,"경기도 부천시 원미구 도약로 17 (상동, 그린프라자)"
406,경기도 부천시,상동물병원,032-328-0079,경기도 부천시 원미구 조마루로97번길 34-9 (상동)
407,서울특별시 강동구,강동구,02-3425-6012,"서울특별시 강동구 성내로 25 (성내동, 강동구청)강동구청 "
408,부산광역시 영도구,유기동물보호관리협회,051-971-6208,부산광역시 강서구 가락대로1283번길 25-2 (봉림동)사)유기동물및동물보호관리협회
409,경상북도 영천시,영천유기동물보호센터,054-339-7179,경상북도 영천시 화남면 신선로 310 (화남면)
410,전라북도 순창군,제일동물병원,010-5593-3797,전라북도 순창군 순창읍 장류로 387 (순창읍)제일동물병원
411,부산광역시 동구,(사)동물보호관리협회,051-971-6208,부산광역시 강서구 가락대로1283번길 25-2 (봉림동)(사)유기동물 및 동물보호관리협회
412,경기도 양평군,강아지와고양이AH,031-883-5199,경기도 여주시 북내면 강문로 117 (북내면)
413,경기도 남양주시,남양주동물보호협회,031-591-7270,"경기도 남양주시 금곡로 44 (금곡동, 성원빌딩)1층"
414,전라북도 진안군,유가축병원,063-432-1045,전라북도 진안군 진안읍 대광길 8 (진안읍)
415,충청북도 제천시,제천시 동물보호센터,043-647-0059,충청북도 제천시 청풍호로4가길 1 (영천동)
416,서울특별시 가정보호,테스트용시설,02-123-4567,서울특별시 종로구 통일로 184-37 (홍파동)
417,전라남도 화순군,백남수동물병원,061-374-3443,전라남도 화순군 화순읍 화동로 7 (화순읍)백남수동물병원
418,경상북도 청송군,점곡동물보호센터,054-870-6282,경상북도 청송군 현동면 청송로 3128-135 (현동면)
419,경기도 김포시,김포농업기술센터,031-980-2826,"경기도 김포시 월곶면 오리정로 13 (월곶면, 농업기술센터)농정과 가축방역팀"
420,대구광역시 수성구,예스동물병원,053-768-7543,대구광역시 수성구 동대구로 207 (황금동)
421,경기도 파주시,웰니스클리닉,031-942-7524,"경기도 파주시 한울로 123 (동패동, 이마트운정점)2층, 웰니스클리닉"
422,충청남도 공주시,강북동물병원,041-856-9900,충청남도 공주시 번영1로 54 (신관동)
423,대구광역시 달성군,화원연합동물병원,053-634-7975,대구광역시 달성군 화원읍 사문진로 447 (화원읍)화원읍 관할
424,대구광역시 달성군,달성축산동물병원,053-614-3775,대구광역시 달성군 현풍면 원교길 6 (현풍면)구지면 관할
425,대구광역시 달성군,현풍동물병원,053-614-3570,"대구광역시 달성군 현풍면 현풍중앙로 28 (현풍면)현풍면, 유가면 관할"
426,대구광역시 달성군,포산동물병원,053-616-2478,대구광역시 달성군 현풍면 비슬로 614-1 (현풍면)논공읍 관할
427,경기도 의왕시,수성동물병원,031-355-5883,경기도 화성시 남양읍 남양성지로 34 (남양읍)
428,경기도 화성시,수성동물병원,031-355-5883,경기도 화성시 남양읍 남양성지로 34 (남양읍)
429,대구광역시 수성구,신세계동물병원,053-751-6693,대구광역시 수성구 수성동1가 명덕로 393 (수성동1가)
430,대구광역시 수성구,제니스동물병원,053-756-8290,대구광역시 수성구 달구벌대로 2475 (범어동)
431,대구광역시 서구,대구시수의사회(다우),053-357-7580,대구광역시 서구 원대동3가 팔달로 220 (원대동3가)
432,대구광역시 서구,대구시수의사회(더난),053-552-0075,대구광역시 서구 국채보상로 176 (중리동)
433,대구광역시 서구,대구수의사회(아이펫),053-573-1175,대구광역시 서구 서대구로 64 (평리동)
434,대구광역시 서구,대구시수의사회(보경),053-559-9020,대구광역시 서구 달서로 165 (비산동)
435,대구광역시 서구,대구시수의사회(삼성),053-556-8575,대구광역시 서구 서대구로 24 (내당동)
436,인천광역시 중구,신공항동물병원,032-751-4598,인천광역시 중구 운중로 35 (운남동)
437,경기도 파주시,스마일양한방동물병원,031-942-3575,"경기도 파주시 금빛로 44 (금촌동, 마이프라자)203호"
438,강원도 강릉시,강릉시 동물보호소,033-641-7515,"강원도 강릉시 성산면 내맬길 172 (성산면, 유기동물보호소)"
439,대구광역시 수성구,(사)대구수의사회,053-764-3708,대구광역시 북구 호국로 229 (서변동)6층
440,경기도 화성시,청산동물병원,010-3580-9913,경기도 화성시 우정읍 3.1만세로 29 (우정읍)
441,충청북도 옥천군,옥천동물병원,010-8843-8844,"충청북도 옥천군 옥천읍 삼금로 53 (옥천읍, 동물병원)옥천동물병원"
442,전라북도 고창군,한사랑동물병원,063-562-9154,"전라북도 고창군 고창읍 보릿골로 138 (고창읍, 한사랑동물병원)"
443,대구광역시 동구,대구유기동물보호센터,053-964-6258,대구광역시 동구 금강로 151-13 (금강동)
444,대구광역시 북구,대구유기동물보호센터,053-964-6258,대구광역시 동구 금강로 151-13 (금강동)
445,전라북도 완주군,연합동물병원,010-8668-7582,"전라북도 완주군 용진면 완주로 174 (용진면, 용진면사무소)"
446,경상북도 의성군,중앙동물병원,010-3812-2435,경상북도 의성군 다인면 다인장길 17-1 (다인면)
447,서울특별시 서초구,한국동물구조관리협회,031-867-9119,경기도 양주시 남면 감악산로 63-37 (남면)
448,경기도 고양시,고양시동물보호센터,031-962-3232,"경기도 고양시 덕양구 고양대로 1695 (원흥동, 고양시 농업기술센터)고양시동물보호센터"
449,전라남도 장성군,우남동물병원,010-3628-9776,전라남도 장성군 장성읍 청운길 19-1 (장성읍)
450,인천광역시 연수구,인천광역시수의사회,032-515-7567,"인천광역시 계양구 다남로165번길 56 (다남동, 유기동물보호소)"
451,서울특별시 용산구,민트동물병원,02-707-2235,"서울특별시 용산구 원효로 51 (산천동, 삼성테마트)119호"
452,서울특별시 금천구,한국동물구조관리협회,031-867-9119,경기도 양주시 남면 감악산로 63-37 (남면)
453,경상북도 영양군,영양군유기동물보호소,010-3804-1700,경상북도 영양군 입암면 마령산해로 1202 (입암면).
454,전라남도 순천시,대한동물사랑협회,061-755-7547,"전라남도 순천시 중앙로 3-1 (저전동, 대한동물사랑협회)"
455,경상북도 봉화군,봉화군유기동물보호소,054-679-6865,경상북도 봉화군 봉성면 농업인길 24 (봉성면)봉화군농업기술센터
456,강원도 정선군,정선가축병원,033-563-0198,강원도 정선군 정선읍 정선로 1321 (정선읍)
457,경상북도 칠곡군,칠곡유기동물보호센터,054-973-5710,경상북도 칠곡군 석적읍 포망로 341 (석적읍)
458,충청남도 논산시,유명동물병원,041-733-4290,충청남도 논산시 계백로 1034-1 (취암동)유명동물병원
459,경기도 김포시,한국동물구조관리협회,031-867-9119,경기도 양주시 남면 감악산로 63-37 (남면)
460,울산광역시 중구,울산유기동물보호센터,052-238-6113,울산광역시 울주군 온양읍 화산발리로 543 (온양읍)
461,강원도 홍천군,홍천군유기동물보호소,033-434-9435,"강원도 홍천군 화촌면 둔덕이길 68 (화촌면, 홍천군유기동물보호센터)"
462,경기도 수원시,준수동물병원,031-203-7559,경기도 수원시 영통구 영통동986-7
463,전라북도 전주시,하나동물병원,063-253-5677,전라북도 전주시 덕진구 덕진동2가 송천중앙로 17 (덕진동2가)
464,경기도 이천시,강아지와 고양이,031-883-5199,경기도 여주시 북내면 강문로 117 (북내면)
465,충청북도 음성군,테오종합동물병원,043-882-8975,충청북도 음성군 금왕읍 음성로 1203
466,충청북도 음성군,음성군청,043-871-3712,충청북도 음성군 음성읍 중앙로 173음성군청 축산식품과
467,경상북도 김천시,김천시 동물보호센터,010-3477-7771,경상북도 김천시 조마로 2128 (양천동)
468,경기도 광주시,죽전TNR동물병원,031-322-7586,경기도 용인시 처인구 모현면 대지로 407 (모현면) 
469,강원도 화천군,화천군농업기술센터,033-440-2941,강원도 화천군 화천읍 산천어길 206화천군농업기술센터
470,경상남도 창녕군,창녕 유기동물보호소,055-530-6105,경상남도 창녕군 영산면 로터리길 22-1 (영산면)고암면 억만리 28-1
471,전라남도 여수시,임시(직접)보호,061-659-4419,"전라남도 여수시 주동1길 32 (주삼동, 여수시농업기술센터)"
472,경상북도 성주군,가야유기동물보호소,010-3515-2020,경상북도 성주군 대가면 동강한강로 941-1가야유기동물보호소
473,강원도 정선군,다나동물병원,033-563-6563,강원도 정선군 정선읍 정선로 1310
474,서울특별시 동대문구,한국동물구조관리협회,031-867-9119,경기도 양주시 남면 감악산로 63-37
475,전라남도 영광군,불갑동물임시보호소,010-9188-5525,전라남도 영광군 불갑면 함영로 2758
476,경기도 성남시,펫토피아동물병원,031-714-8392,"경기도 성남시 분당구 불정로 266 (수내동, 유신제일조합)"
477,서울특별시 강남구,강남25시동물병원,02-545-8575,서울특별시 강남구 학동로 324 (논현동)
478,충청남도 서천군,서천유기동물보호소,041-950-4110,충청남도 서천군 마산면 한마로 1189-19
479,경기도 시흥시,한국야생동물보호협회,031-296-0124,경기도 안산시 상록구 청곡길 50 (부곡동)한국야생동물보호협회
480,서울특별시 중랑구,한국동물구조관리협회,031-867-9119,경기도 양주시 남면 감악산로 63-37
481,서울특별시 마포구,상암 동물병원,02-375-7222,서울특별시 마포구 월드컵북로 336 (상암동)상암동34-46
482,서울특별시 마포구,웰케어 동물병원,02-337-7575,"서울특별시 마포구 월드컵북로 27 (서교동, 이화빌딩)서교동447-2"
483,서울특별시 종로구,한국동물구조관리협회,031-867-9119,경기도 양주시 남면 감악산로 63-37
484,전라남도 진도군,진도군청,061-540-6322,전라남도 진도군 진도읍 성죽골길 30진도개사업소
485,전라남도 장흥군,장흥군,061-860-6712,"전라남도 장흥군 안양면 우드랜드길 288 (안양면, 남도국제교육원)축산사업소"
486,충청남도 홍성군,금일동물보호센터,010-5432-5665,충청남도 홍성군 홍동면 충절로 625 (홍동면)
487,충청남도 보령시,보령시임시보호소,010-5427-7210,충청남도 보령시 녹문1길 95 (내항동)
488,경상북도 군위군,군위군청,054-380-6286,경상북도 군위군 군위읍 군청로 200군위군청
489,부산광역시 동구,동구청,051-440-4525,"부산광역시 동구 구청로 1 (수정동, 동구청)경제진흥과"
490,경기도 동두천시,한국동물구조관리협회,031-867-9119,경기도 양주시 남면 감악산로 63-37
491,강원도 삼척시,삼척시유기동물보호소,010-9492-4912,"강원도 삼척시 척주로 131 (정상동, 밀레니엄세탁)"
492,전라남도 함평군,임시보호소,061-320-1922,전라남도 함평군 신광면 백운길 153-20
493,경기도 연천군,한국동물구조관리협회,031-867-9119,경기도 양주시 남면 감악산로 63-37
494,서울특별시 관악구,러브펫종합동물병원,02-837-8875,서울특별시 관악구 남부순환로 1451 (신림동)러브펫종합동물병원
495,경기도 안양시,한국야생동물보호협회,031-296-0124,경기도 안산시 상록구 청곡길 50 (부곡동)
496,강원도 인제군,인제군,033-460-2265,강원도 인제군 인제읍 비봉로44번길 105
497,전라북도 남원시,하나동물병원,063-634-7582,전라북도 남원시 왕정동 67
498,경상남도 남해군,이동가축병원,055-862-5041,경상남도 남해군 이동면 무림로 34이동가축병원
499,경상북도 고령군,라파동물병원,054-955-0058,경상북도 고령군 대가야읍 쾌빈3길 2 (대가야읍)라파동물병원
500,전라북도 남원시,강동물병원,063-636-2873,전라북도 남원시 인월면 인월리 249-1
501,광주광역시 북구,광주 동물보호소,062-571-2808,"광주광역시 북구 본촌마을길 25 (본촌동, 건국동사무소)광주 동물보호소"
502,경기도 파주시,나은동물병원,031-944-8288,경기도 파주시 새꽃로 207 (아동동)나은동물병원
503,광주광역시 남구,광주 동물보호소,062-571-2808,"광주광역시 북구 본촌마을길 25 (본촌동, 건국동사무소)광주 동물보호소"
504,광주광역시 동구,광주 동물보호소,062-571-2808,"광주광역시 북구 본촌마을길 25 (본촌동, 건국동사무소)광주 동물보호소"
505,광주광역시 서구,광주 동물보호소,062-571-2808,"광주광역시 북구 본촌마을길 25 (본촌동, 건국동사무소)광주 동물보호소"
506,광주광역시 광산구,광주 동물보호소,062-571-2808,"광주광역시 북구 본촌마을길 25 (본촌동, 건국동사무소)광주 동물보호소"
507,경기도 파주시,쿨펫동물병원(문산),031-954-7588,경기도 파주시 문산읍 방촌로 1759쿨펫동물병원
508,경기도 파주시,행복한동물병원,031-957-0075,"경기도 파주시 중앙로 241 (금촌동, 한샘파주키친프라자)행복한동물병원"
509,강원도 춘천시,춘천시 동물보호센터,033-250-4388,강원도 춘천시 신북읍 유포리 619-9
510,경기도 파주시,파주24시동물병원,031-944-5575,경기도 파주시 교하로 87 (목동동)삼성프라자 201
511,경기도 파주시,버디종합동물병원,031-953-1183,경기도 파주시 문산읍 문산역로 77버디종합동물병원
512,경기도 파주시,문산동물병원,031-953-7570,경기도 파주시 문산읍 문향로 35문산동물병원
513,경기도 파주시,라임동물병원,031-8071-2060,경기도 파주시 순못길 6-18 (다율동)라임동물병원
514,경기도 파주시,금쪽같은,031-944-9979,경기도 파주시 가재울로94번길 27 (목동동)
515,전라북도 익산시,익산유기동물보호소,010-3659-2380,전라북도 익산시 서동로42길 77 (용제동)16통 1반
516,대전광역시 중구,대전동물보호센터,042-825-1118,대전광역시 유성구 갑동로15번길 20-39 (갑동)
517,대구광역시 중구,대구시수의사회(동산),053-254-3366,대구광역시 중구 남성로 서성로 34 (남성로)
518,대구광역시 중구,대구시수의사회(고려),053-256-6100,대구광역시 중구 중앙대로 333 (남산동)
519,대구광역시 중구,대구시수의사회(삼덕),053-426-1731,대구광역시 중구 삼덕동1가 달구벌대로 2145
520,대구광역시 중구,대구시수의사회(동인),070-4466-1575,대구광역시 중구 동인동4가 국채보상로 724
521,경상북도 예천군,예천군유기동물보호소,010-9562-0975,"경상북도 예천군 예천읍 충효로 632-84 (예천읍, 유기동물보호소)"
522,강원도 속초시,유기동물보호소,033-633-2519,강원도 속초시 대포동 159-13
523,충청남도 서산시,답21동물병원,041-666-0750,충청남도 서산시 호수공원12로 13 (예천동)
524,제주특별자치도,제주유기동물보호센터,064-710-4067,제주특별자치도 제주시 첨단동길 184-14 (용강동)
525,서울특별시 강동구,한국동물구조관리협회,031-867-9119,경기도 양주시 남면 감악산로 63-37
526,충청남도 천안시,천안시유기동물보호소,050-5994-9119,충청남도 천안시 동남구 목천읍 학수소사길 132 (목천읍)[입양센터:서북구 천안천3길 36] 평일문의 am9~pm6 구조현황 www.a9119.news
527,서울특별시 영등포구,한국동물구조관리협회,031-867-9119,경기도 양주시 남면 감악산로 63-37
528,서울특별시 동작구,디아크동물종합병원,02-816-7582,서울특별시 동작구 장승배기로27길 18 (노량진동)
529,경상남도 김해시,유기동물및관리협회,051-971-6208,부산광역시 강서구 가락대로1283번길 25-2 (봉림동)(사)유기동물및보호관리협회
530,울산광역시 북구,울산유기동물보호센터,052-238-6113,울산광역시 울주군 온양읍 발리1144
531,경상북도 구미시,구미유기동물보호센터,054-441-4100,경상북도 구미시 해평면 숭선로 309-11 (해평면)구미유기동물보호센터
532,전라북도 전주시,행복한동물병원,063-244-0090,전라북도 전주시 덕진구 인후동1가806-6
533,경기도 수원시,광교산동물병원,031-241-2668,경기도 수원시 장안구 영화동127-39
534,부산광역시 수영구,수영구청,051-610-4504,부산광역시 수영구 남천동수영구청
535,전라북도 전주시,아프리카동물병원,063-247-8875,전라북도 전주시 덕진구 인후동1가928-1
536,전라북도 전주시,21세기동물병원,063-251-1015,전라북도 전주시 덕진구 송천동1가626-42
537,전라북도 전주시,수동물병원,063-273-7272,전라북도 전주시 완산구 서신동28
538,전라북도 전주시,동부동물병원,063-231-2455,전라북도 전주시 완산구 경원동1가3-10
539,전라북도 전주시,서신동물병원,063-253-2747,전라북도 전주시 완산구 서신동831-4
540,전라북도 전주시,박영재동물병원,063-284-7774,전라북도 전주시 완산구 전동1가 199
541,제주특별자치도 제주시,제주동물보호센터,064-710-4067,제주특별자치도 제주시 첨단동길 184-14 (용강동)
542,경상남도 하동군,하동군유기동물보호소,055-880-2436,경상남도 하동군 적량면 동산리1694
543,전라북도 순창군,이완섭동물병원,063-653-9006,전라북도 순창군 순창읍 순화리95-8
544,서울특별시 강북구,한국동물구조관리협회,031-867-9119,경기도 양주시 남면 감악산로 63-37 (남면)
545,경상남도 산청군,산청동물보호센터,010-8502-0707,경상남도 산청군 산청읍 모고리1350
546,서울특별시 서대문구,한국동물구조관리협회,031-867-9119,경기도 양주시 남면 상수리410-1
547,서울특별시 송파구,한국동물구조관리협회,031-867-9119,경기도 양주시 남면 상수리410-1
548,서울특별시 은평구,한국동물구조관리협회,031-867-9119,경기도 양주시 남면 상수리410-1
549,서울특별시 구로구,한국동물구조관리협회,031-867-9119,경기도 양주시 남면 상수리410-1
550,경기도 수원시,한빛동물병원,031-252-2119,경기도 수원시 장안구 천천동527-3번지
551,경기도 수원시,현대동물병원,031-293-0285,경기도 수원시 권선구 고색동408-16
552,강원도 동해시,동해시유기동물보호소,033-522-2990,강원도 동해시 북평동51-1
553,인천광역시 옹진군,인천수의사회유기동물,032-515-7567,인천광역시 계양구 다남동35-8
554,경기도 부천시,부부종합동물병원,032-347-2218,경기도 부천시 소사구 소사본동158-26
555,강원도 양양군,양양군유기동물보호소,033-670-2459,강원도 양양군 손양면 송현리278번지
556,강원도 양구군,양구,033-480-2916,강원도 양구군 남면 양남로 319-31 (남면)양구군농업기술센터
557,전라북도 군산시,군산유기동물보호소,010-6227-2975,전라북도 군산시 대야면 보덕안정길 108-20 (대야면)군산도그랜드
558,경상북도 영덕군,영덕동물보호센터,054-730-6286,경상북도 영덕군 영덕읍 구미2길 14-1 (영덕읍)-
559,경상남도 고성군,백호종합동물병원,010-3551-8261,경상남도 고성군 고성읍 송학리260-54
560,인천광역시 중구,경동동물병원,032-765-9988,인천광역시 중구 개항로 68 (경동)
561,경기도 포천시,한국동물구조관리협회,031-867-9119,경기도 양주시 남면 감악산로 63-37 (남면)한국동물구조관리협회
562,인천광역시 서구,가정동물병원,032-575-0835,인천광역시 서구 가정동517-32
563,서울특별시 마포구,망원동물병원,02-332-0017,서울특별시 마포구 망원동386-2
564,서울특별시 마포구,홍익동물병원,02-325-2026,서울특별시 마포구 합정동411-18
565,서울특별시 마포구,동물사랑동물병원,02-3142-0008,서울특별시 마포구 서교동476-14
566,서울특별시 마포구,용강동물병원,02-707-2340,서울특별시 마포구 용강동494-28
567,서울특별시 마포구,박창석동물병원,02-6405-7582,서울특별시 마포구 도화동182-6
568,서울특별시 중구,한국동물구조관리협회,031-867-9119,경기도 양주시 남면 감악산로 63-37 (남면)
569,경상남도 창원시 마산합포회원구,마산유기동물보호소,055-225-5625,경상남도 창원시 마산합포구 진북면 지산2길 139-112226-19
570,서울특별시 양천구,강현림 동물병원,02-2642-9159,서울특별시 양천구 목동 657번지 16호
571,서울특별시 용산구,남산동물병원,02-778-7582,서울특별시 용산구 후암동244-60
572,서울특별시 용산구,금강동물병원,02-798-7512,서울특별시 용산구 이촌동301-160
573,서울특별시 용산구,라온동물병원,02-792-7585,서울특별시 용산구 이태원동225-93
574,서울특별시 용산구,이상윤동물병원,02-792-5455,서울특별시 용산구 이촌동300-23
575,서울특별시 용산구,차오름동물병원,02-706-7975,서울특별시 용산구 산천동93-1
576,서울특별시 용산구,펫토이동물병원,02-795-2184,서울특별시 용산구 한남동653-26
577,서울특별시 용산구,청화동물병원,02-792-7602,서울특별시 용산구 이태원동21-1
578,서울특별시 용산구,원효동물병원,02-719-7070,서울특별시 용산구 원효로2가30-4
579,서울특별시 용산구,열린동물병원,02-3273-0075,서울특별시 용산구 원효로2가84-10
580,서울특별시 용산구,이태원동물병원,02-794-4945,서울특별시 용산구 이태원동531
581,서울특별시 용산구,한남동물병원,02-793-9230,서울특별시 용산구 한남동642-4
582,서울특별시 용산구,21세기동물병원,02-749-6750,서울특별시 용산구 보광동259-1
583,서울특별시 용산구,효창동물병원,02-711-4527,서울특별시 용산구 효창동70-11
584,경상남도 진주시,진주시유기동물보호소,055-749-6134,"경상남도 진주시 집현면 신당길207번길 22 (집현면, 지역농업개발시설)"
585,서울특별시 용산구,서울수의사용산구분회,02-778-7582,서울특별시 용산구 후암동244-60
586,서울특별시 노원구,동물구조관리협회,031-868-2851,경기도 양주시 남면 감악산로 63-37 (남면)
587,서울특별시 도봉구,한국동물구조관리협회,031-867-9119,경기도 양주시 남면상수리 410-1
588,서울특별시 강남구,한국동물구조관리협회,031-867-9119,경기도 양주시 남면 상수리410-1
589,서울특별시 성북구,한국동물구조관리협회,031-867-9119,경기도 양주시 남면 감악산로 63-37 (남면)
590,경상남도 양산시,양산시유기동물보호소,055-392-5393,경상남도 양산시 동면 석산리392 양산시농업기술센터
591,전라남도 해남군,해남군유기동물보호소,061-533-1141,전라남도 해남군 해남읍 해리355-4
592,인천광역시 부평구,백마동물병원,032-528-1359,인천광역시 부평구 부평동431-15
593,경상남도 거제시,거제시유기동물보호소,055-639-6368,경상남도 거제시 사등면 사곡리375-1번지
594,경기도 수원시,신영통동물병원,031-204-9006,경기도 수원시 영통구 망포동570-5
595,경기도 수원시,에덴동물병원,031-224-2470,경기도 수원시 팔달구 매교동141-5
596,경기도 수원시,정동물병원,031-239-7585,경기도 수원시 팔달구 인계동1135-7
597,경기도 수원시,호매실동물병원,031-294-8277,경기도 수원시 권선구 호매실동82-10
598,경기도 과천시,한국야생동물보호협회,031-296-0124,경기도 안산시 상록구 청곡길 50 (부곡동)
599,경기도 수원시,순풍동물병원,031-239-3303,경기도 수원시 권선구 세류동537-19
600,경기도 수원시,고병기동물병원,031-236-7582,경기도 수원시 권선구 권선동1192-2
601,경기도 수원시,두리동물병원,031-225-7533,경기도 수원시 권선구 세류동150-8
602,경기도 수원시,전봉근종합동물병원,031-269-7544,경기도 수원시 장안구 천천동528-4 태영프라자 112호
603,경기도 수원시,장안동물병원,031-245-8961,경기도 수원시 장안구 송원로 83 (조원동)장안동물병원
604,경기도 수원시,레오동물병원,031-253-4313,경기도 수원시 장안구 정자동874-2 롯데프라자 206호
605,전라북도 남원시,청원동물병원,063-633-3533,전라북도 남원시 죽항동278번지
606,경상북도 영주시,영주시 동물보호센터,054-639-7354,경상북도 영주시 장수면 반구리 16영주시 동물보호센터 주소 : 영주시 장수면 반구리 407-8
607,충청북도 단양군,단양군유기동물보호소,011-822-4351,충청북도 단양군 매포읍 우덕리910번지
608,경기도 오산시,오산시수의사회,031-372-9325,경기도 오산시 성호대로 36 (오산동)
609,경기도 군포시,군포시 보호소,031-394-2259,경기도 군포시 산본동213번지 9호 외 1필지 2층
610,경기도 평택시,평택시유기동물보호소,031-8024-3849,경기도 평택시 진위면 야막길 88-37 (진위면)
611,경기도 부천시,이솝동물병원,032-652-0034,경기도 부천시 원미구 심곡동367-12
612,경기도 부천시,24시아이동물메디컬,032-677-5262,경기도 부천시 오정구 원종동229-8
613,경상남도 창원시 진해구,진해유기동물보호소,055-225-5701,"경상남도 창원시 진해구 웅천로 218 (성내동, 농업기술센터)205번지 "
614,충청남도 청양군,종합동물병원,041-940-2973,충청남도 청양군 청양읍 읍내리209-29
615,전라북도 무주군,무주군,063-320-2829,전라북도 무주군 무주읍 당산리농업기술센터
616,서울특별시 성동구,한국동물구조관리협회,031-867-9119,경기도 양주시 남면 상수리410-1
617,대구광역시 중구,대구광역시수의사회,053-764-3708,대구광역시 북구 호국로 229 (서변동)대구경북수의사회관 6층
618,경기도 구리시,한국동물구조관리협회,031-867-9119,경기도 양주시 남면 감악산로 63-37 (남면)
619,경상북도 울진군,울진동물병원,054-783-5200,경상북도 울진군 울진읍 연호로 21-4 (울진읍)울진동물병원
620,서울특별시 광진구,동물구조관리협회,031-867-9119,경기도 양주시 남면 상수리410-1
621,강원도 원주시,원주유기동물보호센터,033-731-1119,강원도 원주시 호저면 칠봉로 110-6
622,울산광역시 중구,정앤정동물병원,052-281-2294,울산광역시 중구 구교로 265 (반구동)
623,울산광역시 중구,울산동물병원,052-297-0979,울산광역시 중구 학성공원13길 45 (학성동)
624,울산광역시 중구,나래동물병원,052-245-1275,울산광역시 중구 중앙길 63 (성남동)
625,울산광역시 북구,쿨펫동물병원,052-288-7572,"울산광역시 북구 진장유통로 64 (진장동, 롯데마트)4층 쿨펫동물병원"
626,울산광역시 북구,이솝동물병원,052-295-8875,울산광역시 북구 호계동258-15
627,경기도 의정부시,한국동물구조관리협회,031-867-9119,경기도 양주시 남면 상수리410-1
628,경기도 양주시,한국동물구조관리협회,031-867-9119,경기도 양주시 남면 감악산로 63-37 (남면)
629,경기도 안산시,(사)한동보,031-296-0124,경기도 안산시 상록구 청곡길 50 (부곡동)안산시 상록구 부곡동 231-5
630,경상북도 안동시,안동시동물보호센터,010-7703-1999,경상북도 안동시 서후면 태장리 201-1
631,경상남도 창원시 의창성산구,창원유기동물보호소,055-225-5541,"경상남도 창원시 의창구 창이대로 71 (명서동, 창원시농업기술센터)창원지도과"
632,강원도 정선군,현대가축병원,033-562-5901,강원도 정선군 정선읍 봉양리3리 현대가축병원
633,경기도 안성시,이성준동물병원,031-673-5858,경기도 안성시 봉남동326-2
634,충청북도 영동군,최종주동물병원,043-744-4209,"충청북도 영동군 영동읍 계산로 54 (영동읍, 최종주동물병원)"
635,인천광역시 미추홀구,인천광역시 수의사회 ,032-515-7567,인천광역시 계양구 다남동35-8
636,강원도 철원군,성일동물병원,033-455-8943,강원도 철원군 동송읍 이평리11리 성일동물병원
637,인천광역시 남동구,인천수의사회,032-515-7567,인천광역시 계양구 다남동35-8
638,대전광역시 유성구,대전동물보호센터,042-825-1118,대전광역시 유성구 갑동로15번길 20-39 (갑동)대전동물보호센터
639,대전광역시 서구,대전동물보호센터,042-825-1118,대전광역시 유성구 갑동로15번길 20-39 (갑동)
640,인천광역시 계양구,계양구유기동물보호소,032-552-0075,인천광역시 계양구 장제로 923 (병방동)
641,전라북도 전주시,프렌즈동물병원,063-227-4975,전라북도 전주시 완산구 삼천동1가592-1
642,인천광역시 강화군,베스트동물병원,032-934-9340,"인천광역시 강화군 강화읍 강화대로 217 (강화읍, 린나이보일러)"
643,경기도 가평군,가평군유기동물보호소,031-580-4763,"경기도 가평군 가평읍 아랫마장길 59 (가평읍, 농업기술센터)가평 유기동물 보호소"
644,인천광역시 동구,인천종합동물병원,032-765-0112,인천광역시 동구 솔빛로 2 (송현동)
645,서울특별시 강서구,한국동물구조관리협회,031-867-9119,경기도 양주시 남면 상수리410-1
646,경상남도 함안군,함안군동물보호소,055-580-4462,경상남도 함안군 가야읍 함안대로 755
647,전라남도 화순군,화순위탁보호소,010-9968-9241,전라남도 화순군 화순읍 한고을길 42 (화순읍)
648,전라남도 영광군,대마동물보호소,011-647-2976,전라남도 영광군 대마면 홍교리397-8
649,제주특별자치도 서귀포시,제주동물보호센터,064-710-4067,제주특별자치도 제주시 첨단동길 184-14 (용강동)
650,전라남도 곡성군,심동물병원,061-362-0779,전라남도 곡성군 옥과면 리문리409-3
651,경상남도 함양군,중앙동물병원,055-963-7615,경상남도 함양군 수동면 변동3길 6-2 (수동면)
652,강원도 태백시,태백유기동물,010-6380-5566,강원도 태백시 문의재로 5 (통동)
653,강원도 평창군,평창군유기동물보호소,010-3397-9150,강원도 평창군 진부면 청송로 61
